iteration,response,type
1,"기업은 전문성, 성과, 사회공헌을 중시하며, 피검사자는 창조, 열정, 혁신에 높은 가치를 두고 있습니다. 피검사자는 사회공헌에 대한 관심이 기업과 유사하며, 이는 긍정적으로 평가됩니다. 그러나 전문성에 대한 피검사자의 관심이 기업보다 낮아 약간의 우려가 있을 수 있습니다. 반면, 피검사자는 창조와 열정에 대한 높은 관심을 통해 기업에 추가적인 가치를 제공할 가능성이 있습니다. 전반적으로 피검사자와 기업간 비전 fit은 보통입니다.",vision
2,"기업은 전문성, 성과, 사회공헌을 중시하며, 피검사자는 창조, 열정, 혁신에 높은 가치를 두고 있습니다. 피검사자는 혁신에 대한 높은 관심을 통해 기업에 추가적인 가치를 제공할 가능성이 있습니다. 그러나 전문성에 대한 피검사자의 관심이 상대적으로 낮아 우려가 있을 수 있습니다. 사회공헌에 대한 피검사자의 관심은 기업과 유사하여 긍정적입니다. 피검사자와 기업간 비전 fit은 보통입니다.",vision
3,"기업은 전문성, 성과, 사회공헌을 중시하며, 피검사자는 창조, 열정, 혁신에 높은 가치를 두고 있습니다. 피검사자는 창조와 열정에서 높은 점수를 보이며, 이는 기업에 새로운 아이디어와 활력을 불어넣을 수 있는 잠재력을 보여줍니다. 또한, 피검사자는 사회공헌에 대한 관심도 높아 기업의 사회적 책임과도 잘 맞습니다. 다만, 전문성에서는 기업의 기대와 차이가 있어 약간의 조정이 필요할 수 있습니다. 전반적으로 피검사자와 기업간 비전 fit은 보통입니다.",vision
4,"기업은 전문성, 성과, 사회공헌을 중시하며, 피검사자는 창조, 열정, 혁신에 높은 가치를 두고 있습니다. 피검사자는 혁신에 대한 높은 관심을 통해 기업에 추가적인 가치를 제공할 가능성이 있습니다. 그러나 전문성에 대한 피검사자의 관심이 기업의 기대보다 낮아 우려가 있을 수 있습니다. 사회공헌에 대한 피검사자의 관심은 기업과 유사하여 긍정적입니다. 피검사자와 기업간 비전 fit은 보통입니다.",vision
5,"기업은 전문성, 성과, 사회공헌을 중요시하며, 피검사자는 창조, 열정, 혁신에 높은 가치를 두고 있습니다. 피검사자는 사회공헌에 대한 관심이 기업과 유사하며, 이는 긍정적으로 평가됩니다. 그러나 전문성에 대한 피검사자의 관심이 기업보다 낮아 우려가 있을 수 있습니다. 반면, 피검사자는 창조와 열정에 대한 높은 관심을 통해 기업에 추가적인 가치를 제공할 가능성이 있습니다. 전반적으로 피검사자와 기업간 비전 fit은 보통입니다.",vision
6,"기업은 전문성, 성과, 사회공헌을 중시하며, 피검사자는 창조, 열정, 혁신에 높은 가치를 두고 있습니다. 피검사자는 사회공헌에 대한 관심이 기업과 유사하며, 이는 긍정적으로 평가됩니다. 그러나 전문성에 대한 피검사자의 관심이 기업보다 낮아 약간의 우려가 있을 수 있습니다. 반면, 피검사자는 창조와 열정에 대한 높은 관심을 통해 기업에 추가적인 가치를 제공할 가능성이 있습니다. 이러한 점을 종합적으로 고려할 때, 피검사자와 기업간 비전 fit은 보통입니다.",vision
7,"기업은 전문성, 성과, 사회공헌을 중시하며, 피검사자는 창조, 열정, 혁신에 높은 가치를 두고 있습니다. 피검사자는 사회공헌에 대한 관심이 기업과 유사하며, 이는 긍정적으로 평가됩니다. 그러나 전문성에 대한 피검사자의 관심이 기업보다 낮아 약간의 우려가 있을 수 있습니다. 반면, 피검사자는 창조와 열정에 대한 높은 관심을 통해 기업에 추가적인 가치를 제공할 가능성이 있습니다. 전반적으로 피검사자와 기업간 비전 fit은 보통입니다.",vision
8,"기업은 전문성, 성과, 사회공헌을 중시하며, 피검사자는 창조, 열정, 혁신에 높은 가치를 두고 있습니다. 피검사자는 창조와 열정에서 높은 점수를 보이며, 이는 기업에 추가적인 가치를 제공할 가능성을 보여줍니다. 그러나 전문성에서 피검사자의 점수가 낮아 우려가 있을 수 있습니다. 반면, 사회공헌에 대한 피검사자의 관심은 기업과 유사하여 긍정적으로 평가됩니다. 전반적으로 피검사자와 기업간 비전 fit은 보통입니다.",vision
9,"기업은 전문성, 성과, 사회공헌을 중시하며, 피검사자는 창조, 열정, 혁신에 높은 가치를 두고 있습니다. 피검사자는 사회공헌에 대한 관심이 기업과 유사하며, 이는 긍정적으로 평가됩니다. 그러나 전문성에 대한 피검사자의 관심이 기업보다 낮아 약간의 우려가 있을 수 있습니다. 반면, 피검사자는 창조와 열정에 대한 높은 관심을 통해 기업에 추가적인 가치를 제공할 가능성이 있습니다. 전반적으로 피검사자와 기업간 비전 fit은 보통입니다.",vision
10,"기업은 전문성, 성과, 사회공헌을 중시하며, 피검사자는 창조, 열정, 혁신에 높은 가치를 두고 있습니다. 피검사자는 창조와 열정에서 높은 점수를 보이며, 이는 기업에 새로운 아이디어와 활력을 불어넣을 수 있는 가능성을 보여줍니다. 또한, 피검사자는 사회공헌에 대한 관심도 높아 기업의 사회적 책임과도 잘 맞습니다. 그러나 전문성에서는 기업의 기대와 차이가 있어 이 부분에서의 적응이 필요할 수 있습니다. 전반적으로 피검사자와 기업간 비전 fit은 보통입니다.",vision
11,"기업은 전문성, 성과, 사회공헌을 중요시하며, 피검사자는 창조, 열정, 혁신에 높은 가치를 두고 있습니다. 피검사자는 사회공헌에 대한 관심이 기업과 유사하며, 이는 긍정적으로 평가됩니다. 그러나 전문성에 대한 피검사자의 관심이 기업보다 낮아 약간의 우려가 있을 수 있습니다. 반면, 피검사자는 창조와 열정에 대한 높은 관심을 통해 기업에 추가적인 가치를 제공할 가능성이 있습니다. 전반적으로 피검사자와 기업간 비전 fit은 보통입니다.",vision
12,"기업은 전문성, 성과, 사회공헌을 중시하며, 피검사자는 창조, 열정, 혁신에 높은 가치를 두고 있습니다. 피검사자는 혁신에 대한 높은 관심을 통해 기업에 추가적인 가치를 제공할 가능성이 있습니다. 그러나 전문성에 대한 피검사자의 관심이 기업의 기대에 비해 낮은 점은 주의가 필요합니다. 사회공헌에 대한 피검사자의 관심은 기업의 비전과 유사하여 긍정적으로 평가됩니다. 피검사자와 기업간 비전 fit은 보통입니다.",vision
13,"기업은 전문성, 성과, 사회공헌을 중요하게 여기며, 피검사자는 창조, 열정, 혁신에 높은 가치를 두고 있습니다. 피검사자는 사회공헌에 대한 관심이 기업과 유사하며, 이는 긍정적으로 평가됩니다. 그러나 전문성에 대한 피검사자의 관심이 기업보다 낮아 약간의 우려가 있을 수 있습니다. 반면, 피검사자는 창조와 열정에 대한 높은 관심을 통해 기업에 추가적인 가치를 제공할 가능성이 있습니다. 전반적으로 피검사자와 기업간 비전 fit은 보통입니다.",vision
14,"기업은 전문성, 성과, 사회공헌을 중시하며, 피검사자는 창조, 열정, 혁신에 높은 가치를 두고 있습니다. 피검사자는 창조와 열정에서 높은 점수를 보이며, 이는 기업에 새로운 아이디어와 열정을 불어넣을 수 있는 가능성을 보여줍니다. 그러나 전문성에서의 점수 차이가 다소 크므로, 이 부분에서의 적응이 필요할 수 있습니다. 사회공헌에 대한 피검사자의 관심은 기업과 유사하여 긍정적으로 평가됩니다. 전반적으로 피검사자는 기업의 비전과 일부 차이가 있지만, 창조적이고 열정적인 접근으로 기업에 추가적인 가치를 제공할 수 있습니다. 피검사자와 기업간 비전 fit은 보통입니다.",vision
15,"기업은 전문성, 성과, 사회공헌을 중시하며, 피검사자는 창조, 열정, 혁신에 높은 가치를 두고 있습니다. 피검사자는 창조와 열정에서 높은 점수를 보이며, 이는 기업에 새로운 아이디어와 활력을 불어넣을 수 있는 가능성을 보여줍니다. 또한, 피검사자는 사회공헌에 대한 관심도 높아 기업의 사회적 책임과도 잘 맞습니다. 그러나 전문성에서는 다소 낮은 점수를 보이고 있어 이 부분에서의 적응이 필요할 수 있습니다. 전반적으로 피검사자는 기업의 비전과 일부 차이가 있지만, 긍정적인 영향을 미칠 수 있는 잠재력을 가지고 있습니다. 피검사자와 기업간 비전 fit은 보통입니다.",vision
16,"기업은 전문성, 성과, 사회공헌을 중요시하며, 피검사자는 창조, 열정, 혁신에 높은 가치를 두고 있습니다. 피검사자는 사회공헌에 대한 관심이 기업과 유사하며, 이는 긍정적으로 평가됩니다. 또한, 피검사자는 혁신에 대한 높은 관심을 통해 기업에 추가적인 가치를 제공할 가능성이 있습니다. 그러나 전문성에 대한 피검사자의 관심이 기업보다 낮아 약간의 우려가 있을 수 있습니다. 전반적으로 피검사자와 기업 간의 비전 fit은 보통입니다.",vision
17,"기업은 전문성, 성과, 사회공헌을 중시하며, 피검사자는 창조, 열정, 혁신에 높은 가치를 두고 있습니다. 피검사자는 사회공헌에 대한 관심이 기업과 유사하며, 이는 긍정적으로 평가됩니다. 그러나 전문성에서는 기업과의 차이가 있습니다. 피검사자는 창조와 열정에 대한 높은 관심을 통해 기업에 추가적인 가치를 제공할 가능성이 있습니다. 전반적으로 피검사자와 기업간 비전 fit은 보통입니다.",vision
18,"기업은 전문성, 성과, 사회공헌을 중시하며, 피검사자는 창조, 열정, 혁신에 높은 가치를 두고 있습니다. 피검사자는 사회공헌에 대한 관심이 기업과 유사하며, 이는 긍정적으로 평가됩니다. 그러나 전문성에 대한 피검사자의 관심이 기업보다 낮아 우려가 있을 수 있습니다. 반면, 피검사자는 창조와 열정에 대한 높은 관심을 통해 기업에 추가적인 가치를 제공할 가능성이 있습니다. 전반적으로 피검사자와 기업간 비전 fit은 보통입니다.",vision
19,"기업은 전문성, 성과, 사회공헌을 중시하며, 피검사자는 창조, 열정, 혁신에 높은 가치를 두고 있습니다. 피검사자는 혁신에 대한 높은 관심을 통해 기업에 추가적인 가치를 제공할 가능성이 있습니다. 그러나 전문성에 대한 피검사자의 관심이 상대적으로 낮아 우려가 있을 수 있습니다. 사회공헌에 대한 피검사자의 관심은 기업과 유사하여 긍정적으로 평가됩니다. 피검사자와 기업간 비전 fit은 보통입니다.",vision
20,"기업은 전문성, 성과, 사회공헌을 중시하며, 피검사자는 창조, 열정, 혁신에 높은 가치를 두고 있습니다. 피검사자는 사회공헌에 대한 관심이 기업과 유사하며, 이는 긍정적으로 평가됩니다. 그러나 전문성에 대한 피검사자의 관심이 기업보다 낮아 약간의 우려가 있을 수 있습니다. 반면, 피검사자는 창조와 열정에 대한 높은 관심을 통해 기업에 추가적인 가치를 제공할 가능성이 있습니다. 전반적으로 피검사자와 기업간 비전 fit은 보통입니다.",vision
21,"기업은 전문성, 성과, 사회공헌을 중시하며, 피검사자는 창조, 열정, 혁신에 높은 가치를 두고 있습니다. 피검사자는 사회공헌에 대한 관심이 기업과 유사하며, 이는 긍정적으로 평가됩니다. 그러나 전문성에 대한 피검사자의 관심이 기업보다 낮아 약간의 우려가 있을 수 있습니다. 반면, 피검사자는 창조와 열정에 대한 높은 관심을 통해 기업에 추가적인 가치를 제공할 가능성이 큽니다. 전반적으로 피검사자와 기업간 비전 fit은 보통입니다.",vision
22,"기업은 전문성, 성과, 사회공헌을 중시하며, 피검사자는 창조, 열정, 혁신에 높은 가치를 두고 있습니다. 피검사자는 창조와 열정에서 높은 점수를 보이며, 이는 기업에 새로운 아이디어와 활력을 불어넣을 수 있는 잠재력을 보여줍니다. 그러나 전문성에서는 기업과의 차이가 있습니다. 사회공헌에 대한 피검사자의 관심은 기업과 유사하여 긍정적입니다. 피검사자는 성과에 대한 관심이 기업보다 낮지만, 이는 피검사자가 다른 영역에서 더 큰 가치를 제공할 수 있음을 의미합니다. 전반적으로 피검사자와 기업간 비전 fit은 보통입니다.",vision
23,"기업은 전문성, 성과, 사회공헌을 중시하며, 피검사자는 창조, 열정, 혁신에 높은 가치를 두고 있습니다. 피검사자는 혁신에 대한 높은 관심을 통해 기업에 추가적인 가치를 제공할 가능성이 있습니다. 그러나 전문성에 대한 피검사자의 관심이 기업의 기대에 비해 낮아 약간의 우려가 있을 수 있습니다. 사회공헌에 대한 피검사자의 관심은 기업과 유사하여 긍정적으로 평가됩니다. 전반적으로 피검사자와 기업간 비전 fit은 보통입니다.",vision
24,"기업은 전문성, 성과, 사회공헌을 중시하며, 피검사자는 창조, 열정, 혁신에 높은 가치를 두고 있습니다. 피검사자는 사회공헌에 대한 관심이 기업과 유사하며, 이는 긍정적으로 평가됩니다. 그러나 전문성에 대한 피검사자의 관심이 기업보다 낮아 우려될 수 있습니다. 반면, 피검사자는 창조와 열정에 대한 높은 관심을 통해 기업에 새로운 가치를 제공할 가능성이 있습니다. 전반적으로 피검사자와 기업간 비전 fit은 보통입니다.",vision
25,"기업은 전문성, 성과, 사회공헌을 중시하며, 피검사자는 창조, 열정, 혁신에 높은 가치를 두고 있습니다. 피검사자는 사회공헌에 대한 관심이 기업과 유사하며, 이는 긍정적으로 평가됩니다. 그러나 전문성에 대한 피검사자의 관심이 기업보다 낮아 약간의 우려가 있을 수 있습니다. 반면, 피검사자는 창조와 열정에 대한 높은 관심을 통해 기업에 추가적인 가치를 제공할 가능성이 있습니다. 전반적으로 피검사자와 기업간 비전 fit은 보통입니다.",vision
26,"기업은 전문성, 성과, 사회공헌을 중시하며, 피검사자는 창조, 열정, 혁신에 높은 가치를 두고 있습니다. 피검사자는 혁신에 대한 높은 관심을 통해 기업에 추가적인 가치를 제공할 가능성이 있습니다. 그러나 전문성에 대한 피검사자의 관심이 기업의 기대보다 낮아 우려가 있을 수 있습니다. 사회공헌에 대한 피검사자의 관심은 기업과 유사하여 긍정적입니다. 피검사자와 기업간 비전 fit은 보통입니다.",vision
27,"기업은 전문성, 성과, 사회공헌을 중시하며, 피검사자는 창조, 열정, 혁신에 높은 가치를 두고 있습니다. 피검사자는 창조와 열정에서 높은 점수를 보이며, 이는 기업에 새로운 아이디어와 활력을 불어넣을 수 있는 가능성을 보여줍니다. 또한, 피검사자는 사회공헌에 대한 관심도 높아 기업의 사회적 책임과도 잘 맞을 수 있습니다. 그러나 전문성에서는 기업의 기대와 차이가 있어, 이 부분에서의 적응이 필요할 수 있습니다. 전반적으로 피검사자와 기업간 비전 fit은 보통입니다.",vision
28,"기업은 전문성, 성과, 사회공헌을 중시하며, 피검사자는 창조, 열정, 혁신에 높은 가치를 두고 있습니다. 피검사자는 사회공헌에 대한 관심이 기업과 유사하며, 이는 긍정적으로 평가됩니다. 그러나 전문성에 대한 피검사자의 관심이 기업보다 낮아 약간의 우려가 있을 수 있습니다. 반면, 피검사자는 창조와 열정에 대한 높은 관심을 통해 기업에 추가적인 가치를 제공할 가능성이 있습니다. 전반적으로 피검사자와 기업간 비전 fit은 보통입니다.",vision
29,"기업은 전문성, 성과, 사회공헌을 중시하며, 피검사자는 창조, 열정, 혁신에 높은 가치를 두고 있습니다. 피검사자는 창조와 열정에서 높은 점수를 보이며, 이는 기업에 새로운 아이디어와 활력을 불어넣을 수 있는 가능성을 보여줍니다. 그러나 전문성에서는 기업과의 차이가 있습니다. 반면, 사회공헌에 대한 관심은 기업과 유사하여 긍정적으로 평가됩니다. 피검사자는 성과에 대한 관심이 기업보다 낮지만, 이는 피검사자가 다른 영역에서 더 큰 가치를 제공할 수 있음을 의미합니다. 전반적으로 피검사자와 기업간 비전 fit은 보통입니다.",vision
30,"기업은 전문성, 성과, 사회공헌을 중시하며, 피검사자는 창조, 열정, 혁신에 높은 가치를 두고 있습니다. 피검사자는 혁신에 대한 높은 관심을 통해 기업에 추가적인 가치를 제공할 가능성이 있습니다. 그러나 전문성에 대한 피검사자의 관심이 기업의 기대보다 낮아 우려가 있을 수 있습니다. 사회공헌에 대한 피검사자의 관심은 기업과 유사하여 긍정적입니다. 전반적으로 피검사자와 기업간 비전 fit은 보통입니다.",vision
1,"피검사자는 기업이 중요하게 생각하는 스피드형, 유니크형, 혁신형, 도전형, 열린사고형, 자기확신형에서 높은 점수를 보이며, 특히 유니크형과 혁신형에서 기업보다 높은 점수를 기록하여 긍정적인 평가를 받을 수 있습니다. 다만, 책임형, 끈기형, 긍정형, 스마트형, 윤리형, 솔선수범형, 신뢰형에서 기업의 기대와 차이가 있습니다. 전반적으로 피검사자는 기업의 업무 스타일과 높은 적합성을 보이며, 피검사자와 기업간 업무 성향 fit은 높은 편입니다.",workstyle
2,"피검사자는 기업이 중요하게 생각하는 스피드형, 유니크형, 혁신형, 도전형, 열린사고형, 자기확신형에서 높은 점수를 보이며, 특히 유니크형과 혁신형에서 기업보다 높은 점수를 기록하여 긍정적인 평가를 받을 수 있습니다. 다만, 책임형, 끈기형, 긍정형, 스마트형, 윤리형, 솔선수범형, 신뢰형에서 기업의 기대와 차이가 있습니다. 전반적으로 피검사자는 기업의 업무 스타일과 높은 적합성을 보이며, 피검사자와 기업간 업무 성향 fit은 높은 편입니다.",workstyle
3,"피검사자는 기업이 중요하게 생각하는 스피드형, 유니크형, 혁신형, 도전형, 열린사고형, 자기확신형에서 높은 점수를 보여 기업의 업무 스타일과 잘 맞습니다. 다만 책임형, 끈기형, 긍정형, 스마트형, 윤리형, 솔선수범형, 신뢰형에서 다소 차이가 있지만, 전반적으로 피검사자와 기업간 업무 성향 fit은 높은 편입니다.",workstyle
4,"피검사자는 기업이 중요하게 생각하는 '스피드형', '유니크형', '혁신형', '도전형', '성취형', '열린사고형', '자기확신형'에서 높은 점수를 보이며, 특히 '유니크형'과 '혁신형'에서 기업보다 높은 점수를 기록하여 긍정적인 평가를 받을 수 있습니다. 다만, '책임형', '끈기형', '긍정형', '스마트형', '윤리형', '솔선수범형', '몰입형', '신뢰형'에서는 기업의 기대치에 미치지 못하는 점수가 나타났습니다. 전반적으로 피검사자는 기업의 업무 스타일과 잘 맞으며, 피검사자와 기업간 업무 성향 fit은 높은 편입니다.",workstyle
5,"피검사자는 기업이 중요하게 생각하는 '스피드형', '유니크형', '혁신형', '도전형', '열린사고형', '자기확신형'에서 높은 점수를 보이며, 특히 '유니크형'과 '혁신형'에서 기업보다 더 높은 성향을 보입니다. 이는 기업의 업무 스타일과 잘 맞는 부분입니다. 다만, '책임형', '끈기형', '긍정형', '스마트형', '윤리형', '솔선수범형', '신뢰형', '몰입형'에서는 기업의 기대치와 차이가 있습니다. 전반적으로 피검사자와 기업간 업무 성향 fit은 높은 편입니다.",workstyle
6,"피검사자는 기업이 중요하게 생각하는 스피드형, 유니크형, 혁신형, 도전형, 열린사고형, 자기확신형에서 높은 점수를 보이며, 특히 유니크형과 혁신형에서 기업보다 높은 점수를 기록하여 긍정적인 평가를 받을 수 있습니다. 다만, 책임형, 끈기형, 긍정형, 스마트형, 윤리형, 솔선수범형, 몰입형, 신뢰형에서는 기업의 기대치에 미치지 못하는 점수가 나타났습니다. 전반적으로 피검사자와 기업간 업무 성향 fit은 높은 편입니다.",workstyle
7,"피검사자는 기업이 중요하게 생각하는 '스피드형', '유니크형', '혁신형', '도전형', '성취형', '열린사고형', '자기확신형'에서 높은 점수를 보이며, 특히 '유니크형'과 '혁신형'에서 기업보다 높은 점수를 기록하여 긍정적인 평가를 받을 수 있습니다. 다만, '책임형', '끈기형', '긍정형', '스마트형', '윤리형', '솔선수범형', '몰입형', '신뢰형'에서는 기업의 기대와 차이가 있습니다. 전반적으로 피검사자와 기업간 업무 성향 fit은 높은 편입니다.",workstyle
8,"피검사자는 기업이 중요하게 생각하는 스피드형, 유니크형, 혁신형, 도전형, 열린사고형, 자기확신형에서 높은 점수를 보이며, 특히 유니크형과 혁신형에서 기업보다 높은 점수를 기록하여 긍정적인 평가를 받을 수 있습니다. 다만, 책임형, 끈기형, 긍정형, 스마트형, 윤리형, 솔선수범형, 신뢰형에서 기업의 기대와 차이가 있습니다. 전반적으로 피검사자는 기업의 업무 스타일과 잘 맞으며, 피검사자와 기업간 업무 성향 fit은 높은 편입니다.",workstyle
9,"피검사자는 기업이 중요하게 생각하는 스피드형, 유니크형, 혁신형, 도전형, 열린사고형, 자기확신형에서 높은 점수를 보이며, 특히 유니크형과 혁신형에서 기업보다 더 높은 점수를 기록하여 긍정적인 평가를 받을 수 있습니다. 다만, 책임형, 끈기형, 긍정형, 스마트형, 윤리형, 솔선수범형, 신뢰형에서는 기업의 기대치와 차이가 있습니다. 그러나 전반적인 업무 성향 평가 결과는 우수하여, 피검사자와 기업간 업무 성향 fit은 높은 편입니다.",workstyle
10,"피검사자는 기업이 중요하게 생각하는 스피드형, 유니크형, 혁신형, 도전형, 열린사고형, 자기확신형에서 높은 점수를 보이며, 특히 유니크형과 혁신형에서 기업보다 높은 점수를 기록하여 긍정적인 평가를 받을 수 있습니다. 그러나 책임형, 끈기형, 긍정형, 스마트형, 윤리형, 솔선수범형, 신뢰형에서 기업의 기대와 차이가 있습니다. 전반적으로 피검사자는 기업의 업무 스타일과 잘 맞으며, 피검사자와 기업간 업무 성향 fit은 높은 편입니다.",workstyle
11,"피검사자는 유니크형과 혁신형에서 기업보다 높은 점수를 보이며, 창의적이고 혁신적인 업무 스타일을 가지고 있습니다. 그러나 책임형과 끈기형, 신뢰형에서 기업의 기대와 차이가 있어 주의가 필요합니다. 전반적으로 피검사자와 기업간 업무 성향 fit은 보통입니다.",workstyle
12,"피검사자는 기업이 중요하게 생각하는 스피드형, 유니크형, 혁신형, 도전형, 열린사고형, 자기확신형에서 높은 점수를 보이며, 특히 유니크형과 혁신형에서 기업보다 높은 점수를 기록하여 긍정적인 평가를 받을 수 있습니다. 다만, 책임형, 끈기형, 긍정형, 스마트형, 윤리형, 솔선수범형, 신뢰형에서 기업의 기대치와 차이가 있어 보완이 필요할 수 있습니다. 전반적으로 피검사자와 기업간 업무 성향 fit은 높은 편입니다.",workstyle
13,"피검사자는 기업의 스피드형, 유니크형, 혁신형, 도전형, 열린사고형, 자기확신형에서 높은 점수를 보이며, 기업의 업무 스타일과 잘 맞습니다. 그러나 책임형, 끈기형, 긍정형, 스마트형, 윤리형, 솔선수범형, 신뢰형에서 다소 차이가 있습니다. 전반적으로 피검사자와 기업간 업무 성향 fit은 높은 편입니다.",workstyle
14,"피검사자는 기업의 업무 스타일과 비교했을 때, 유니크형과 혁신형에서 높은 점수를 보여 창의적이고 혁신적인 업무 수행에 강점을 보입니다. 그러나 책임형과 끈기형에서는 기업의 기대치에 미치지 못하는 점이 있어 주의가 필요합니다. 전반적으로 피검사자와 기업간 업무 성향 fit은 높은 편입니다.",workstyle
15,"피검사자는 유니크형과 혁신형에서 기업보다 높은 점수를 보이며, 창의적이고 혁신적인 업무 스타일을 가지고 있습니다. 그러나 책임형과 끈기형에서 기업의 기대와 차이가 있어, 해당 부분에서의 적응이 필요할 수 있습니다. 전반적으로 피검사자와 기업간 업무 성향 fit은 높은 편입니다.",workstyle
16,"피검사자는 기업의 업무 스타일과 비교했을 때, 스피드형, 유니크형, 혁신형, 도전형, 성취형, 열린사고형, 자기확신형에서 높은 점수를 보이며 긍정적인 평가를 받았습니다. 그러나 책임형, 끈기형, 긍정형, 스마트형, 윤리형, 솔선수범형, 몰입형, 신뢰형에서는 기업의 기대치에 미치지 못하는 점수를 보였습니다. 전반적으로 피검사자와 기업간 업무 성향 fit은 보통입니다.",workstyle
17,"피검사자는 기업이 중요하게 생각하는 스피드형, 유니크형, 혁신형, 도전형, 열린사고형, 자기확신형에서 높은 점수를 보이며, 기업의 기대를 초과하는 역량을 가지고 있습니다. 다만, 책임형, 끈기형, 긍정형, 스마트형, 윤리형, 솔선수범형, 신뢰형에서 기업의 기대와 차이가 있습니다. 전반적으로 피검사자는 기업의 업무 스타일에 잘 맞으며, 피검사자와 기업간 업무 성향 fit은 높은 편입니다.",workstyle
18,"피검사자는 기업의 스피드형, 유니크형, 혁신형, 도전형, 성취형, 열린사고형, 자기확신형에서 높은 점수를 보이며, 기업의 업무 스타일과 잘 맞습니다. 그러나 책임형, 끈기형, 긍정형, 스마트형, 윤리형, 솔선수범형, 신뢰형에서는 다소 차이가 있습니다. 전반적으로 피검사자와 기업간 업무 성향 fit은 높은 편입니다.",workstyle
19,피검사자는 유니크형과 혁신형에서 기업보다 높은 점수를 보여 창의적이고 혁신적인 업무 스타일을 가지고 있습니다. 그러나 책임형과 끈기형에서 기업의 기대와 차이가 있어 주의가 필요합니다. 전반적으로 피검사자와 기업간 업무 성향 fit은 높은 편입니다.,workstyle
20,"피검사자는 기업이 중요하게 생각하는 스피드형, 유니크형, 혁신형, 도전형, 열린사고형, 자기확신형에서 높은 점수를 보이며, 특히 유니크형과 혁신형에서 기업보다 높은 점수를 기록하여 긍정적인 평가를 받을 수 있습니다. 다만, 책임형, 끈기형, 긍정형, 스마트형, 윤리형, 솔선수범형, 신뢰형에서 기업의 기대치와 차이가 있습니다. 전반적으로 피검사자는 기업의 업무 스타일과 잘 맞으며, 피검사자와 기업간 업무 성향 fit은 높은 편입니다.",workstyle
21,"피검사자는 유니크형과 혁신형에서 기업보다 높은 점수를 보이며, 창의적이고 혁신적인 업무 스타일을 가지고 있습니다. 그러나 책임형과 끈기형에서 기업의 기대와 차이가 있어, 지속적인 책임감과 끈기 있는 업무 수행에 대한 보완이 필요할 수 있습니다. 전반적으로 피검사자와 기업간 업무 성향 fit은 높은 편입니다.",workstyle
22,"피검사자는 기업이 중요하게 생각하는 스피드형, 유니크형, 혁신형, 도전형, 열린사고형, 자기확신형에서 높은 점수를 보이며, 기업의 업무 스타일에 잘 부합합니다. 다만, 책임형, 끈기형, 긍정형, 스마트형, 윤리형, 솔선수범형, 신뢰형에서 다소 차이가 있지만, 전반적으로 피검사자와 기업간 업무 성향 fit은 높은 편입니다.",workstyle
23,"피검사자는 기업의 업무 스타일에서 스피드형, 유니크형, 혁신형, 도전형, 성취형, 열린사고형, 자기확신형에서 높은 점수를 보이며, 특히 유니크형과 혁신형에서 기업보다 높은 점수를 기록하여 긍정적인 평가를 받을 수 있습니다. 다만, 책임형, 끈기형, 긍정형, 스마트형, 윤리형, 솔선수범형, 몰입형, 신뢰형에서 기업의 기대치와 차이가 있습니다. 전반적으로 피검사자와 기업간 업무 성향 fit은 높은 편입니다.",workstyle
24,"피검사자는 기업이 중요하게 생각하는 '스피드형', '유니크형', '혁신형', '도전형', '성취형', '열린사고형', '자기확신형'에서 높은 점수를 보이며, 특히 '유니크형'과 '혁신형'에서 기업보다 높은 점수를 기록하여 긍정적인 평가를 받을 수 있습니다. 다만, '책임형', '끈기형', '긍정형', '스마트형', '윤리형', '솔선수범형', '신뢰형', '몰입형'에서는 기업의 기대치에 미치지 못하는 부분이 있습니다. 전반적으로 피검사자와 기업간 업무 성향 fit은 보통입니다.",workstyle
25,"피검사자는 기업의 스피드형, 유니크형, 혁신형, 도전형, 열린사고형, 자기확신형에서 높은 점수를 보이며, 기업의 업무 스타일과 잘 맞습니다. 그러나 책임형, 끈기형, 긍정형, 스마트형, 윤리형, 솔선수범형, 신뢰형에서 다소 차이가 있습니다. 전반적으로 피검사자와 기업간 업무 성향 fit은 높은 편입니다.",workstyle
26,"피검사자는 기업의 업무 스타일과 비교하여 스피드형, 유니크형, 혁신형, 도전형, 성취형, 열린사고형, 자기확신형에서 높은 점수를 보이며, 특히 유니크형과 혁신형에서 두드러진 강점을 가지고 있습니다. 다만 책임형, 끈기형, 긍정형, 스마트형, 윤리형, 솔선수범형, 신뢰형에서 기업의 기대와 차이가 있습니다. 전반적으로 피검사자는 기업의 업무 스타일과 잘 맞으며, 피검사자와 기업간 업무 성향 fit은 높은 편입니다.",workstyle
27,"피검사자는 기업이 중요하게 생각하는 스피드형, 유니크형, 혁신형, 도전형, 열린사고형, 자기확신형에서 높은 점수를 보이며, 기업의 기대에 부합하는 업무 스타일을 가지고 있습니다. 다만, 책임형, 끈기형, 긍정형, 스마트형, 윤리형, 솔선수범형, 몰입형, 신뢰형에서는 기업의 기대와 차이가 있습니다. 전반적으로 피검사자는 기업의 업무 스타일에 잘 맞는 편이며, 피검사자와 기업간 업무 성향 fit은 높은 편입니다.",workstyle
28,"피검사자는 기업이 중요하게 생각하는 스피드형, 유니크형, 혁신형, 도전형, 열린사고형, 자기확신형에서 높은 점수를 보이며, 특히 유니크형과 혁신형에서 기업보다 높은 점수를 기록하여 긍정적인 평가를 받을 수 있습니다. 다만, 책임형, 끈기형, 긍정형, 스마트형, 윤리형, 솔선수범형, 신뢰형에서 기업의 기대와 차이가 있습니다. 전반적으로 피검사자는 기업의 업무 스타일에 적합한 인재로 평가되며, 피검사자와 기업간 업무 성향 fit은 높은 편입니다.",workstyle
29,"피검사자는 기업의 업무 스타일과 비교했을 때, 유니크형과 혁신형에서 높은 점수를 보여 기업의 창의적이고 혁신적인 업무 환경에 잘 적응할 수 있을 것으로 보입니다. 그러나 책임형과 끈기형에서는 다소 낮은 점수를 보여, 해당 영역에서의 적응에는 약간의 노력이 필요할 수 있습니다. 전반적으로 피검사자와 기업간 업무 성향 fit은 높은 편입니다.",workstyle
30,"피검사자는 기업이 중요하게 생각하는 스피드형, 유니크형, 혁신형, 도전형, 열린사고형, 자기확신형에서 높은 점수를 보이며, 기업의 업무 스타일과 잘 맞습니다. 다만, 책임형, 끈기형, 긍정형, 스마트형, 윤리형, 솔선수범형, 신뢰형에서 다소 차이가 있지만, 전반적으로 기업의 업무 성향과 잘 부합합니다. 피검사자와 기업간 업무 성향 fit은 높은 편입니다.",workstyle
1,"피검사자는 기업의 비전과 가치관에 부합하며, 타 팀 및 구성원과의 협업과 소통에서도 긍정적인 평가를 받았습니다. 그러나 오만형 성향이 감지되어 팀원 간 신뢰가 무너질 수 있으며, 적대적인 분위기가 형성될 우려가 있습니다. 이는 조직 내 갈등을 유발할 수 있으므로 주의가 필요합니다. 조기 퇴사 가능성은 낮고, 입사 후 적응 기간은 보통으로 예상됩니다. 공정인사가 이직 요인으로 작용할 수 있으니 주의가 필요합니다.",summary
2,"피검사자는 기업의 비전과 가치관에 부합하며, 타 팀 및 구성원과의 협업과 소통에서도 긍정적인 평가를 받았습니다. 그러나 오만형 성향이 감지되어 팀원 간 신뢰가 무너질 수 있으며, 적대적인 분위기가 형성될 우려가 있습니다. 이는 조직 내 갈등을 유발할 수 있으므로 주의가 필요합니다. 조기 퇴사 가능성은 낮으며, 입사 후 적응 기간은 보통으로 예상됩니다. 공정인사에 대한 이직 요인이 있으니 주의가 필요합니다.",summary
3,"피검사자는 기업의 비전과 가치관에 부합하며, 타 팀 및 구성원과의 협업과 소통에서도 긍정적인 평가를 받았습니다. 입사 후 적응 기간은 보통이며, 조기 퇴사 가능성은 낮습니다. 그러나 오만형 성향이 감지되어 팀원 간 신뢰가 무너질 수 있으며, 조직 내 적대적인 분위기를 초래할 수 있습니다. 갈등 유발 요인을 확인하시기 바랍니다. 공정인사에 대한 이직 요인이 있으므로, 이를 고려한 관리가 필요합니다.",summary
4,"피검사자는 기업의 비전과 가치관에 부합하며, 타 팀 및 구성원과의 협업과 소통에서도 긍정적인 평가를 받았습니다. 그러나 오만형 성향이 감지되어 팀원 간 신뢰가 무너질 수 있으며, 적대적인 분위기가 형성될 우려가 있습니다. 이는 조직 내 갈등을 유발할 수 있으므로 주의가 필요합니다. 공정인사에 대한 이직 요인이 있으니, 이를 고려하여 관리하는 것이 중요합니다. 피검사자의 조기 퇴사 가능성은 낮으며, 입사 후 적응 기간은 보통으로 예상됩니다.",summary
5,"피검사자는 기업의 비전과 가치관에 부합하며, 원활한 소통과 협업이 기대됩니다. 그러나 오만형 성향이 감지되어 팀원 간 신뢰가 무너질 수 있으며, 적대적인 분위기가 형성될 우려가 있습니다. 갈등 유발 요인을 확인하시기 바랍니다. 조기 퇴사 가능성은 낮고, 입사 후 적응 기간은 보통으로 예상됩니다. 공정인사가 이직 요인으로 작용할 수 있으니 주의가 필요합니다.",summary
6,"피검사자는 기업의 비전과 가치관에 부합하며, 타 팀 및 구성원과의 협업과 소통에서도 긍정적인 평가를 받았습니다. 그러나 오만형 성향이 감지되어 팀원 간 신뢰 저하와 적대적 분위기 형성의 우려가 있습니다. 이는 조직 내 갈등을 유발할 수 있으므로 주의가 필요합니다. 공정인사에 대한 이직 요인이 있으니, 이를 고려하여 관리하는 것이 중요합니다. 조기 퇴사 가능성은 낮으며, 입사 후 적응 기간은 보통으로 예상됩니다.",summary
7,"피검사자는 기업의 비전과 가치관에 부합하며, 타 팀 및 구성원과의 협업과 소통에서도 긍정적인 평가를 받았습니다. 그러나 오만형 성향이 감지되어 팀원 간 신뢰 저하와 적대적 분위기 형성의 우려가 있습니다. 이는 조직 내 갈등을 유발할 수 있으므로 주의가 필요합니다. 조기 퇴사 가능성은 낮으며, 입사 후 적응 기간은 보통으로 예상됩니다. 공정인사에 대한 이직 요인이 있으니, 이를 고려하여 관리 방안을 마련하는 것이 중요합니다.",summary
8,"피검사자는 기업의 비전과 가치관에 부합하며, 타 팀 및 구성원과의 협업과 소통에서도 긍정적인 평가를 받았습니다. 그러나 오만형 성향이 감지되어 팀원 간 신뢰가 무너질 수 있으며, 적대적인 분위기가 형성될 우려가 있습니다. 이는 조직 내 갈등을 유발할 수 있으므로 주의가 필요합니다. 조기 퇴사 가능성은 낮고, 입사 후 적응 기간은 보통으로 예상됩니다. 공정인사가 이직 요인으로 작용할 수 있으니 주의가 필요합니다.",summary
9,"피검사자는 기업의 비전과 가치관에 부합하며, 타 팀 및 구성원과의 협업과 소통에서도 긍정적인 평가를 받았습니다. 그러나 오만형 성향이 감지되어 팀원 간 신뢰가 무너질 수 있으며, 적대적인 분위기가 형성될 우려가 있습니다. 이는 조직 내 갈등을 유발할 수 있으므로 주의가 필요합니다. 조기 퇴사 가능성은 낮고, 입사 후 적응 기간은 보통으로 예상됩니다. 공정인사가 이직 요인으로 작용할 수 있으니 주의가 필요합니다.",summary
10,"피검사자는 기업의 비전과 가치관에 부합하며, 타 팀 및 구성원과의 협업과 소통이 원활할 것으로 기대됩니다. 그러나 오만형 성향이 감지되어 팀원 간 신뢰가 무너질 수 있으며, 적대적인 분위기가 형성될 우려가 있습니다. 갈등 유발 요인을 확인하시기 바랍니다. 조기 퇴사 가능성은 낮고, 입사 후 적응 기간은 보통으로 예상됩니다. 이직 요인으로는 공정인사가 있으며, 이러한 점을 고려하여 피검사자의 적합성을 평가하는 것이 중요합니다.",summary
11,"피검사자는 기업의 비전과 가치관에 부합하며, 타 팀 및 구성원과의 협업과 소통에서도 긍정적인 평가를 받았습니다. 그러나 오만형 성향이 감지되어 팀원 간 신뢰가 무너질 수 있으며, 적대적인 분위기가 형성될 우려가 있습니다. 이는 조직 내 갈등을 유발할 수 있으므로 주의가 필요합니다. 공정인사에 대한 이직 요인이 있으므로, 이를 고려하여 장기 재직 가능성을 평가하는 것이 중요합니다.",summary
12,"피검사자는 기업의 비전과 가치관에 부합하며, 타 팀 및 구성원과의 협업과 소통에서도 긍정적인 평가를 받았습니다. 입사 후 적응 기간은 보통 수준이며, 조기 퇴사 가능성은 낮습니다. 그러나 오만형 성향이 감지되어 팀원 간 신뢰가 무너질 수 있으며, 조직 내 적대적인 분위기가 형성될 우려가 있습니다. 갈등 유발 요인을 확인하여 이러한 위험을 사전에 방지하는 것이 중요합니다. 공정인사에 대한 이직 요인이 있으므로, 인사 정책에 대한 세심한 관리가 필요합니다.",summary
13,"피검사자는 기업의 비전과 가치관에 부합하며, 타 팀 및 구성원과의 협업과 소통에서도 긍정적인 평가를 받았습니다. 입사 후 적응 기간은 보통이며, 조기 퇴사 가능성은 낮습니다. 그러나 오만형 성향이 감지되어 팀원 간 신뢰 저하와 적대적 분위기 형성의 위험이 있습니다. 이는 조직 내 갈등을 유발할 수 있으므로 주의가 필요합니다. 공정인사에 대한 이직 요인이 있으므로, 인사 관리에 신경을 기울이는 것이 중요합니다.",summary
14,"피검사자는 기업의 비전과 가치관에 부합하며, 타 팀 및 구성원과의 협업과 소통에서도 긍정적인 평가를 받았습니다. 입사 후 적응 기간은 보통이며, 조기 퇴사 가능성은 낮습니다. 그러나 오만형 성향이 감지되어 팀원 간 신뢰가 무너질 수 있으며, 조직 내 적대적인 분위기를 형성할 우려가 있습니다. 이로 인해 갈등이 발생할 수 있으니 주의가 필요합니다. 공정인사에 대한 이직 요인이 있으므로, 이를 고려하여 적절한 관리가 필요합니다.",summary
15,"피검사자는 기업의 비전과 가치관에 부합하며, 타 팀 및 구성원과의 협업과 소통에서도 긍정적인 평가를 받았습니다. 입사 후 적응 기간은 보통이며, 조기 퇴사 가능성은 낮습니다. 그러나 오만형 성향이 감지되어 팀원 간 신뢰가 무너질 수 있으며, 조직 내 적대적인 분위기가 형성될 우려가 있습니다. 갈등 유발 요인을 확인하여 조직 내에서의 원활한 협력을 도모하는 것이 중요합니다. 공정인사에 대한 이직 요인이 있으므로, 이를 고려한 인사 정책이 필요합니다.",summary
16,"피검사자는 기업의 비전과 가치관에 부합하며, 원활한 소통과 협업이 기대됩니다. 입사 후 적응 기간은 보통이며, 조기 퇴사 가능성은 낮습니다. 그러나 오만형 성향이 감지되어 팀원 간 신뢰가 무너질 수 있으며, 조직 내 적대적인 분위기가 형성될 우려가 있습니다. 이는 팀워크와 업무 성과에 부정적인 영향을 미칠 수 있으므로, 갈등 유발 요인을 확인하는 것이 중요합니다. 공정인사에 대한 이직 요인이 있으니 주의가 필요합니다.",summary
17,"피검사자는 기업의 비전과 가치관에 부합하며, 타 팀 및 구성원과의 협업과 소통에서도 긍정적인 평가를 받았습니다. 입사 후 적응 기간은 보통 수준이며, 조기 퇴사 가능성은 낮습니다. 그러나 오만형 성향이 감지되어 팀원 간 신뢰가 무너질 수 있으며, 조직 내 적대적인 분위기가 형성될 우려가 있습니다. 갈등 유발 요인을 확인하시기 바랍니다. 이직 요인으로는 공정인사가 있으며, 이는 장기 재직에 영향을 미칠 수 있습니다.",summary
18,"피검사자는 기업의 비전과 가치관에 부합하며, 타 팀 및 구성원과의 협업과 소통 능력도 양호합니다. 그러나 오만형 성향이 감지되어 팀원 간 신뢰 저하와 적대적 분위기 형성의 우려가 있습니다. 이는 조직 내 갈등을 유발할 수 있으므로 주의가 필요합니다. 조기 퇴사 가능성은 낮으며, 입사 후 적응 기간은 보통 수준입니다. 공정인사에 대한 이직 요인이 있으니, 이를 고려하여 관리 방안을 마련하는 것이 중요합니다.",summary
19,"피검사자는 기업의 비전과 가치관에 부합하며, 타 팀 및 구성원과의 협업과 소통에서도 긍정적인 평가를 받았습니다. 입사 후 적응 기간은 보통이며, 조기 퇴사 가능성은 낮습니다. 그러나 오만형 성향이 감지되어 팀원 간 신뢰가 무너질 수 있으며, 조직 내 적대적인 분위기가 형성될 우려가 있습니다. 이로 인해 갈등 유발 요인을 확인하는 것이 중요합니다. 공정인사에 대한 이직 요인이 있으므로, 이를 고려한 관리가 필요합니다.",summary
20,"피검사자는 기업의 비전과 가치관에 부합하며, 타 팀 및 구성원과의 협업과 소통에서도 긍정적인 평가를 받았습니다. 입사 후 적응 기간은 보통이며, 조기 퇴사 가능성은 낮습니다. 그러나 오만형 성향이 감지되어 팀원 간 신뢰가 무너질 수 있으며, 조직 내 적대적인 분위기를 초래할 수 있습니다. 갈등 유발 요인을 확인하여 조직 내에서의 원활한 협력을 도모하는 것이 중요합니다. 공정한 인사 관리가 이직 요인으로 작용할 수 있으므로 주의가 필요합니다.",summary
21,"피검사자는 기업의 비전과 가치관에 부합하며, 원활한 소통과 협업이 기대됩니다. 그러나 오만형 성향이 감지되어 팀원 간 신뢰 저하와 적대적 분위기 형성의 우려가 있습니다. 갈등 유발 요인을 확인하시기 바랍니다. 입사 후 적응 기간은 보통이며, 조기 퇴사 가능성은 낮습니다. 공정한 인사 관리가 이직 방지에 중요할 것입니다.",summary
22,"피검사자는 기업의 비전과 가치관에 부합하며, 타 팀 및 구성원과의 협업과 소통에서도 긍정적인 평가를 받았습니다. 입사 후 적응 기간은 보통이며, 조기 퇴사 가능성은 낮습니다. 그러나 오만형 성향이 감지되어 팀원 간 신뢰가 무너질 수 있으며, 조직 내 적대적인 분위기가 형성될 우려가 있습니다. 이러한 성향은 갈등을 유발할 수 있으므로 주의가 필요합니다. 공정한 인사 관리가 이직 요인으로 작용할 수 있으니, 이를 고려한 관리가 필요합니다.",summary
23,"피검사자는 기업의 비전과 가치관에 부합하며, 타 팀 및 구성원과의 협업과 소통에서도 긍정적인 평가를 받았습니다. 입사 후 적응 기간은 보통이며, 조기 퇴사 가능성은 낮습니다. 그러나 오만형 성향이 감지되어 팀원 간 신뢰가 무너질 수 있으며, 조직 내 적대적인 분위기를 초래할 수 있습니다. 갈등 유발 요인을 확인하는 것이 필요합니다. 공정인사에 대한 이직 요인이 있으므로, 이를 고려한 관리가 필요합니다.",summary
24,"피검사자는 기업의 비전과 가치관에 부합하며, 타 팀 및 구성원과의 협업과 소통에서도 긍정적인 평가를 받았습니다. 입사 후 적응 기간은 보통이며, 조기 퇴사 가능성은 낮습니다. 그러나 오만형 성향이 감지되어 팀원 간 신뢰가 무너질 수 있으며, 조직 내 적대적인 분위기를 형성할 우려가 있습니다. 갈등 유발 요인을 확인하는 것이 중요합니다. 공정인사에 대한 이직 요인이 있으므로, 이를 고려한 관리가 필요합니다.",summary
25,"피검사자는 기업의 비전과 가치관에 매우 부합하며, 타 팀 및 구성원과의 협업과 소통에서도 긍정적인 평가를 받았습니다. 그러나 오만형 성향이 감지되어 팀원 간 신뢰가 무너질 수 있으며, 적대적인 분위기가 형성될 우려가 있습니다. 이는 조직 내 갈등을 유발할 수 있으므로 주의가 필요합니다. 조기 퇴사 가능성은 낮으며, 입사 후 적응 기간은 보통으로 예상됩니다. 공정인사가 이직 요인으로 작용할 수 있으니 주의가 필요합니다.",summary
26,"피검사자는 기업의 비전과 가치관에 부합하며, 타 팀 및 구성원과의 협업과 소통에서도 긍정적인 평가를 받았습니다. 입사 후 적응 기간은 보통 수준이며, 조기 퇴사 가능성은 낮습니다. 그러나 오만형 성향이 감지되어 팀원 간 신뢰 저하 및 적대적 분위기 형성의 위험이 있습니다. 갈등 유발 요인을 확인하여 조직 내 부정적 영향을 최소화하는 것이 중요합니다. 공정인사와 관련된 이직 요인이 있으므로, 이를 고려한 관리가 필요합니다.",summary
27,"피검사자는 기업의 비전과 가치관에 부합하며, 타 팀 및 구성원과의 협업과 소통 능력도 양호한 편입니다. 그러나 오만형 성향이 감지되어 팀원 간 신뢰가 무너질 수 있으며, 적대적인 분위기가 형성될 우려가 있습니다. 이는 조직 내 갈등을 유발할 수 있으므로 주의가 필요합니다. 조기 퇴사 가능성은 낮고, 입사 후 적응 기간은 보통으로 예상됩니다. 공정인사에 대한 이직 요인이 있으니, 이를 고려하여 장기 재직 가능성을 평가하는 것이 중요합니다.",summary
28,"피검사자는 기업의 비전과 가치관에 부합하며, 타 팀 및 구성원과의 협업과 소통에서도 긍정적인 평가를 받았습니다. 그러나 오만형 성향이 감지되어 팀원 간 신뢰 저하와 적대적 분위기 형성의 우려가 있습니다. 이는 조직 내 갈등을 유발할 수 있으므로 주의가 필요합니다. 조기 퇴사 가능성은 낮고, 입사 후 적응 기간은 보통으로 예상됩니다. 공정인사에 대한 이직 요인이 있으니, 이를 고려하여 관리 방안을 마련하는 것이 중요합니다.",summary
29,"피검사자는 기업의 비전과 가치관에 부합하며, 타 팀 및 구성원과의 협업과 소통에서도 긍정적인 평가를 받았습니다. 그러나 오만형 성향이 감지되어 팀원 간 신뢰 저하와 적대적 분위기 형성의 위험이 있습니다. 이는 조직 내 갈등을 유발할 수 있으니 주의가 필요합니다. 조기 퇴사 가능성은 낮으며, 입사 후 적응 기간은 보통으로 예상됩니다. 공정인사에 대한 이직 요인이 있으므로, 이를 고려한 관리가 필요합니다.",summary
30,"피검사자는 기업의 비전과 가치관에 부합하며, 타 팀 및 구성원과의 협업과 소통에서도 긍정적인 평가를 받았습니다. 입사 후 적응 기간은 보통이며, 조기 퇴사 가능성은 낮습니다. 그러나 오만형 성향이 감지되어 팀원 간 신뢰가 무너질 수 있으며, 조직 내 적대적인 분위기를 초래할 수 있습니다. 공정인사에 대한 이직 요인이 있으므로, 이러한 부분에 대한 주의가 필요합니다. 갈등 유발 요인을 확인하시기 바랍니다.",summary
